{
  "Human": {
    "precision": 0.7768199233716475,
    "recall": 0.11209398756046994,
    "f1-score": 0.19591738132624714,
    "support": 7235.0
  },
  "AI": {
    "precision": 0.8716560445927317,
    "recall": 0.9946878847293785,
    "f1-score": 0.9291167545120588,
    "support": 43862.0
  },
  "accuracy": 0.8697183787697907,
  "macro avg": {
    "precision": 0.8242379839821896,
    "recall": 0.5533909361449242,
    "f1-score": 0.5625170679191529,
    "support": 51097.0
  },
  "weighted avg": {
    "precision": 0.8582278719596116,
    "recall": 0.8697183787697907,
    "f1-score": 0.8253005331096409,
    "support": 51097.0
  }
}