{
  "Human": {
    "precision": 0.5014513788098693,
    "recall": 0.47753973738769867,
    "f1-score": 0.48920353982300885,
    "support": 7235.0
  },
  "AI": {
    "precision": 0.9144931798131518,
    "recall": 0.9216861976198075,
    "f1-score": 0.9180755998137824,
    "support": 43862.0
  },
  "accuracy": 0.8587979724837075,
  "macro avg": {
    "precision": 0.7079722793115106,
    "recall": 0.6996129675037531,
    "f1-score": 0.7036395698183956,
    "support": 51097.0
  },
  "weighted avg": {
    "precision": 0.8560091703750488,
    "recall": 0.8587979724837075,
    "f1-score": 0.8573501295506896,
    "support": 51097.0
  }
}