{
  "Human": {
    "precision": 0.4229607250755287,
    "recall": 0.30960608154803043,
    "f1-score": 0.35751336685021146,
    "support": 7235.0
  },
  "AI": {
    "precision": 0.890941245824327,
    "recall": 0.9303269344763121,
    "f1-score": 0.9102082241281242,
    "support": 43862.0
  },
  "accuracy": 0.8424369336751668,
  "macro avg": {
    "precision": 0.6569509854499278,
    "recall": 0.6199665080121712,
    "f1-score": 0.6338607954891678,
    "support": 51097.0
  },
  "weighted avg": {
    "precision": 0.8246782740722172,
    "recall": 0.8424369336751668,
    "f1-score": 0.8319502580556405,
    "support": 51097.0
  }
}