{
  "Human": {
    "precision": 0.7271433653504091,
    "recall": 0.5650310988251555,
    "f1-score": 0.6359181768686318,
    "support": 7235.0
  },
  "AI": {
    "precision": 0.9307971412864211,
    "recall": 0.965026674570243,
    "f1-score": 0.947602896896023,
    "support": 43862.0
  },
  "accuracy": 0.9083899250445232,
  "macro avg": {
    "precision": 0.8289702533184151,
    "recall": 0.7650288866976993,
    "f1-score": 0.7917605368823274,
    "support": 51097.0
  },
  "weighted avg": {
    "precision": 0.9019611025973191,
    "recall": 0.9083899250445232,
    "f1-score": 0.9034703852143552,
    "support": 51097.0
  }
}